{"info": {"description": "Example Dataset", "url": "https://github.com/waspinator/pycococreator", "version": "1.1.0", "year": 2018, "contributor": "daehyeon", "date_created": "2020-04-12 20:48:50.235723"}, "licenses": [{"id": 1, "name": "Attribution-NonCommercial-ShareAlike License", "url": "http://creativecommons.org/licenses/by-nc-sa/2.0/"}], "categories": [{"id": 1, "name": "lactofit", "supercategory": "nutrients"}, {"id": 2, "name": "vitamin", "supercategory": "nutrients"}], "images": [{"id": 1, "file_name": "1004.jpg", "width": 960, "height": 1280, "date_captured": "2020-04-12 20:48:50.235702", "license": 1, "coco_url": "", "flickr_url": ""}, {"id": 2, "file_name": "1003.jpg", "width": 960, "height": 1280, "date_captured": "2020-04-12 20:48:50.235702", "license": 1, "coco_url": "", "flickr_url": ""}, {"id": 3, "file_name": "1006.jpg", "width": 1280, "height": 960, "date_captured": "2020-04-12 20:48:50.235702", "license": 1, "coco_url": "", "flickr_url": ""}, {"id": 4, "file_name": "1001.jpg", "width": 1280, "height": 960, "date_captured": "2020-04-12 20:48:50.235702", "license": 1, "coco_url": "", "flickr_url": ""}, {"id": 5, "file_name": "1007.jpg", "width": 1280, "height": 960, "date_captured": "2020-04-12 20:48:50.235702", "license": 1, "coco_url": "", "flickr_url": ""}, {"id": 6, "file_name": "1005.jpg", "width": 960, "height": 1280, "date_captured": "2020-04-12 20:48:50.235702", "license": 1, "coco_url": "", "flickr_url": ""}, {"id": 7, "file_name": "1002.jpg", "width": 960, "height": 1280, "date_captured": "2020-04-12 20:48:50.235702", "license": 1, "coco_url": "", "flickr_url": ""}], "annotations": [{"id": 1, "image_id": 1, "category_id": 2, "iscrowd": 0, "area": 22695, "bbox": [380.0, 426.0, 147.0, 225.0], "segmentation": [[445.0, 650.5, 416.0, 649.5, 390.5, 625.0, 379.5, 608.0, 379.5, 583.0, 419.5, 456.0, 441.0, 431.5, 475.0, 425.5, 502.0, 433.5, 517.5, 450.0, 526.5, 486.0, 486.5, 613.0, 472.0, 636.5, 445.0, 650.5]], "width": 960, "height": 1280}, {"id": 2, "image_id": 1, "category_id": 2, "iscrowd": 0, "area": 22695, "bbox": [380.0, 426.0, 147.0, 225.0], "segmentation": [[445.0, 650.5, 416.0, 649.5, 390.5, 625.0, 379.5, 608.0, 379.5, 583.0, 419.5, 456.0, 441.0, 431.5, 475.0, 425.5, 502.0, 433.5, 517.5, 450.0, 526.5, 486.0, 486.5, 613.0, 472.0, 636.5, 445.0, 650.5]], "width": 960, "height": 1280}, {"id": 3, "image_id": 1, "category_id": 2, "iscrowd": 0, "area": 22695, "bbox": [380.0, 426.0, 147.0, 225.0], "segmentation": [[445.0, 650.5, 416.0, 649.5, 390.5, 625.0, 379.5, 608.0, 379.5, 583.0, 419.5, 456.0, 441.0, 431.5, 475.0, 425.5, 502.0, 433.5, 517.5, 450.0, 526.5, 486.0, 486.5, 613.0, 472.0, 636.5, 445.0, 650.5]], "width": 960, "height": 1280}, {"id": 4, "image_id": 1, "category_id": 2, "iscrowd": 0, "area": 22695, "bbox": [380.0, 426.0, 147.0, 225.0], "segmentation": [[445.0, 650.5, 416.0, 649.5, 390.5, 625.0, 379.5, 608.0, 379.5, 583.0, 419.5, 456.0, 441.0, 431.5, 475.0, 425.5, 502.0, 433.5, 517.5, 450.0, 526.5, 486.0, 486.5, 613.0, 472.0, 636.5, 445.0, 650.5]], "width": 960, "height": 1280}, {"id": 5, "image_id": 1, "category_id": 2, "iscrowd": 0, "area": 22695, "bbox": [380.0, 426.0, 147.0, 225.0], "segmentation": [[445.0, 650.5, 416.0, 649.5, 390.5, 625.0, 379.5, 608.0, 379.5, 583.0, 419.5, 456.0, 441.0, 431.5, 475.0, 425.5, 502.0, 433.5, 517.5, 450.0, 526.5, 486.0, 486.5, 613.0, 472.0, 636.5, 445.0, 650.5]], "width": 960, "height": 1280}, {"id": 6, "image_id": 1, "category_id": 2, "iscrowd": 0, "area": 22695, "bbox": [380.0, 426.0, 147.0, 225.0], "segmentation": [[445.0, 650.5, 416.0, 649.5, 390.5, 625.0, 379.5, 608.0, 379.5, 583.0, 419.5, 456.0, 441.0, 431.5, 475.0, 425.5, 502.0, 433.5, 517.5, 450.0, 526.5, 486.0, 486.5, 613.0, 472.0, 636.5, 445.0, 650.5]], "width": 960, "height": 1280}, {"id": 7, "image_id": 1, "category_id": 2, "iscrowd": 0, "area": 22695, "bbox": [380.0, 426.0, 147.0, 225.0], "segmentation": [[445.0, 650.5, 416.0, 649.5, 390.5, 625.0, 379.5, 608.0, 379.5, 583.0, 419.5, 456.0, 441.0, 431.5, 475.0, 425.5, 502.0, 433.5, 517.5, 450.0, 526.5, 486.0, 486.5, 613.0, 472.0, 636.5, 445.0, 650.5]], "width": 960, "height": 1280}, {"id": 8, "image_id": 1, "category_id": 2, "iscrowd": 0, "area": 22695, "bbox": [380.0, 426.0, 147.0, 225.0], "segmentation": [[445.0, 650.5, 416.0, 649.5, 390.5, 625.0, 379.5, 608.0, 379.5, 583.0, 419.5, 456.0, 441.0, 431.5, 475.0, 425.5, 502.0, 433.5, 517.5, 450.0, 526.5, 486.0, 486.5, 613.0, 472.0, 636.5, 445.0, 650.5]], "width": 960, "height": 1280}, {"id": 9, "image_id": 1, "category_id": 2, "iscrowd": 0, "area": 22695, "bbox": [380.0, 426.0, 147.0, 225.0], "segmentation": [[445.0, 650.5, 416.0, 649.5, 390.5, 625.0, 379.5, 608.0, 379.5, 583.0, 419.5, 456.0, 441.0, 431.5, 475.0, 425.5, 502.0, 433.5, 517.5, 450.0, 526.5, 486.0, 486.5, 613.0, 472.0, 636.5, 445.0, 650.5]], "width": 960, "height": 1280}, {"id": 10, "image_id": 1, "category_id": 2, "iscrowd": 0, "area": 22695, "bbox": [380.0, 426.0, 147.0, 225.0], "segmentation": [[445.0, 650.5, 416.0, 649.5, 390.5, 625.0, 379.5, 608.0, 379.5, 583.0, 419.5, 456.0, 441.0, 431.5, 475.0, 425.5, 502.0, 433.5, 517.5, 450.0, 526.5, 486.0, 486.5, 613.0, 472.0, 636.5, 445.0, 650.5]], "width": 960, "height": 1280}, {"id": 11, "image_id": 1, "category_id": 2, "iscrowd": 0, "area": 22695, "bbox": [380.0, 426.0, 147.0, 225.0], "segmentation": [[445.0, 650.5, 416.0, 649.5, 390.5, 625.0, 379.5, 608.0, 379.5, 583.0, 419.5, 456.0, 441.0, 431.5, 475.0, 425.5, 502.0, 433.5, 517.5, 450.0, 526.5, 486.0, 486.5, 613.0, 472.0, 636.5, 445.0, 650.5]], "width": 960, "height": 1280}, {"id": 12, "image_id": 2, "category_id": 2, "iscrowd": 0, "area": 14290, "bbox": [454.0, 450.0, 129.0, 147.0], "segmentation": [[530.0, 596.5, 516.0, 594.5, 468.0, 564.5, 464.5, 559.0, 457.5, 541.0, 453.5, 507.0, 456.5, 485.0, 468.0, 456.5, 523.0, 449.5, 570.5, 502.0, 582.5, 524.0, 580.5, 558.0, 563.5, 593.0, 530.0, 596.5]], "width": 960, "height": 1280}, {"id": 13, "image_id": 2, "category_id": 2, "iscrowd": 0, "area": 14290, "bbox": [454.0, 450.0, 129.0, 147.0], "segmentation": [[530.0, 596.5, 516.0, 594.5, 468.0, 564.5, 464.5, 559.0, 457.5, 541.0, 453.5, 507.0, 456.5, 485.0, 468.0, 456.5, 523.0, 449.5, 570.5, 502.0, 582.5, 524.0, 580.5, 558.0, 563.5, 593.0, 530.0, 596.5]], "width": 960, "height": 1280}, {"id": 14, "image_id": 2, "category_id": 2, "iscrowd": 0, "area": 14290, "bbox": [454.0, 450.0, 129.0, 147.0], "segmentation": [[530.0, 596.5, 516.0, 594.5, 468.0, 564.5, 464.5, 559.0, 457.5, 541.0, 453.5, 507.0, 456.5, 485.0, 468.0, 456.5, 523.0, 449.5, 570.5, 502.0, 582.5, 524.0, 580.5, 558.0, 563.5, 593.0, 530.0, 596.5]], "width": 960, "height": 1280}, {"id": 15, "image_id": 2, "category_id": 2, "iscrowd": 0, "area": 14290, "bbox": [454.0, 450.0, 129.0, 147.0], "segmentation": [[530.0, 596.5, 516.0, 594.5, 468.0, 564.5, 464.5, 559.0, 457.5, 541.0, 453.5, 507.0, 456.5, 485.0, 468.0, 456.5, 523.0, 449.5, 570.5, 502.0, 582.5, 524.0, 580.5, 558.0, 563.5, 593.0, 530.0, 596.5]], "width": 960, "height": 1280}, {"id": 16, "image_id": 2, "category_id": 2, "iscrowd": 0, "area": 14290, "bbox": [454.0, 450.0, 129.0, 147.0], "segmentation": [[530.0, 596.5, 516.0, 594.5, 468.0, 564.5, 464.5, 559.0, 457.5, 541.0, 453.5, 507.0, 456.5, 485.0, 468.0, 456.5, 523.0, 449.5, 570.5, 502.0, 582.5, 524.0, 580.5, 558.0, 563.5, 593.0, 530.0, 596.5]], "width": 960, "height": 1280}, {"id": 17, "image_id": 2, "category_id": 2, "iscrowd": 0, "area": 14290, "bbox": [454.0, 450.0, 129.0, 147.0], "segmentation": [[530.0, 596.5, 516.0, 594.5, 468.0, 564.5, 464.5, 559.0, 457.5, 541.0, 453.5, 507.0, 456.5, 485.0, 468.0, 456.5, 523.0, 449.5, 570.5, 502.0, 582.5, 524.0, 580.5, 558.0, 563.5, 593.0, 530.0, 596.5]], "width": 960, "height": 1280}, {"id": 18, "image_id": 2, "category_id": 2, "iscrowd": 0, "area": 14290, "bbox": [454.0, 450.0, 129.0, 147.0], "segmentation": [[530.0, 596.5, 516.0, 594.5, 468.0, 564.5, 464.5, 559.0, 457.5, 541.0, 453.5, 507.0, 456.5, 485.0, 468.0, 456.5, 523.0, 449.5, 570.5, 502.0, 582.5, 524.0, 580.5, 558.0, 563.5, 593.0, 530.0, 596.5]], "width": 960, "height": 1280}, {"id": 19, "image_id": 2, "category_id": 2, "iscrowd": 0, "area": 14290, "bbox": [454.0, 450.0, 129.0, 147.0], "segmentation": [[530.0, 596.5, 516.0, 594.5, 468.0, 564.5, 464.5, 559.0, 457.5, 541.0, 453.5, 507.0, 456.5, 485.0, 468.0, 456.5, 523.0, 449.5, 570.5, 502.0, 582.5, 524.0, 580.5, 558.0, 563.5, 593.0, 530.0, 596.5]], "width": 960, "height": 1280}, {"id": 20, "image_id": 2, "category_id": 2, "iscrowd": 0, "area": 14290, "bbox": [454.0, 450.0, 129.0, 147.0], "segmentation": [[530.0, 596.5, 516.0, 594.5, 468.0, 564.5, 464.5, 559.0, 457.5, 541.0, 453.5, 507.0, 456.5, 485.0, 468.0, 456.5, 523.0, 449.5, 570.5, 502.0, 582.5, 524.0, 580.5, 558.0, 563.5, 593.0, 530.0, 596.5]], "width": 960, "height": 1280}, {"id": 21, "image_id": 2, "category_id": 2, "iscrowd": 0, "area": 14290, "bbox": [454.0, 450.0, 129.0, 147.0], "segmentation": [[530.0, 596.5, 516.0, 594.5, 468.0, 564.5, 464.5, 559.0, 457.5, 541.0, 453.5, 507.0, 456.5, 485.0, 468.0, 456.5, 523.0, 449.5, 570.5, 502.0, 582.5, 524.0, 580.5, 558.0, 563.5, 593.0, 530.0, 596.5]], "width": 960, "height": 1280}, {"id": 22, "image_id": 3, "category_id": 1, "iscrowd": 0, "area": 63927, "bbox": [361.0, 374.0, 738.0, 239.0], "segmentation": [[394.0, 612.5, 376.5, 612.0, 361.0, 518.5, 430.0, 515.5, 603.0, 483.5, 942.0, 406.5, 1005.0, 384.5, 1054.0, 373.5, 1098.5, 459.0, 872.0, 506.5, 448.0, 610.5, 394.0, 612.5]], "width": 1280, "height": 960}, {"id": 23, "image_id": 3, "category_id": 1, "iscrowd": 0, "area": 63927, "bbox": [361.0, 374.0, 738.0, 239.0], "segmentation": [[394.0, 612.5, 376.5, 612.0, 361.0, 518.5, 430.0, 515.5, 603.0, 483.5, 942.0, 406.5, 1005.0, 384.5, 1054.0, 373.5, 1098.5, 459.0, 872.0, 506.5, 448.0, 610.5, 394.0, 612.5]], "width": 1280, "height": 960}, {"id": 24, "image_id": 3, "category_id": 1, "iscrowd": 0, "area": 63927, "bbox": [361.0, 374.0, 738.0, 239.0], "segmentation": [[394.0, 612.5, 376.5, 612.0, 361.0, 518.5, 430.0, 515.5, 603.0, 483.5, 942.0, 406.5, 1005.0, 384.5, 1054.0, 373.5, 1098.5, 459.0, 872.0, 506.5, 448.0, 610.5, 394.0, 612.5]], "width": 1280, "height": 960}, {"id": 25, "image_id": 3, "category_id": 2, "iscrowd": 0, "area": 5972, "bbox": [545.0, 255.0, 108.0, 83.0], "segmentation": [[575.0, 337.5, 559.0, 333.5, 547.5, 323.0, 544.5, 315.0, 544.5, 295.0, 551.5, 284.0, 619.0, 254.5, 633.0, 255.5, 646.0, 262.5, 652.5, 275.0, 652.5, 282.0, 651.5, 291.0, 643.5, 307.0, 575.0, 337.5]], "width": 1280, "height": 960}, {"id": 26, "image_id": 3, "category_id": 2, "iscrowd": 0, "area": 5972, "bbox": [545.0, 255.0, 108.0, 83.0], "segmentation": [[575.0, 337.5, 559.0, 333.5, 547.5, 323.0, 544.5, 315.0, 544.5, 295.0, 551.5, 284.0, 619.0, 254.5, 633.0, 255.5, 646.0, 262.5, 652.5, 275.0, 652.5, 282.0, 651.5, 291.0, 643.5, 307.0, 575.0, 337.5]], "width": 1280, "height": 960}, {"id": 27, "image_id": 3, "category_id": 2, "iscrowd": 0, "area": 5972, "bbox": [545.0, 255.0, 108.0, 83.0], "segmentation": [[575.0, 337.5, 559.0, 333.5, 547.5, 323.0, 544.5, 315.0, 544.5, 295.0, 551.5, 284.0, 619.0, 254.5, 633.0, 255.5, 646.0, 262.5, 652.5, 275.0, 652.5, 282.0, 651.5, 291.0, 643.5, 307.0, 575.0, 337.5]], "width": 1280, "height": 960}, {"id": 28, "image_id": 3, "category_id": 2, "iscrowd": 0, "area": 5972, "bbox": [545.0, 255.0, 108.0, 83.0], "segmentation": [[575.0, 337.5, 559.0, 333.5, 547.5, 323.0, 544.5, 315.0, 544.5, 295.0, 551.5, 284.0, 619.0, 254.5, 633.0, 255.5, 646.0, 262.5, 652.5, 275.0, 652.5, 282.0, 651.5, 291.0, 643.5, 307.0, 575.0, 337.5]], "width": 1280, "height": 960}, {"id": 29, "image_id": 3, "category_id": 2, "iscrowd": 0, "area": 5972, "bbox": [545.0, 255.0, 108.0, 83.0], "segmentation": [[575.0, 337.5, 559.0, 333.5, 547.5, 323.0, 544.5, 315.0, 544.5, 295.0, 551.5, 284.0, 619.0, 254.5, 633.0, 255.5, 646.0, 262.5, 652.5, 275.0, 652.5, 282.0, 651.5, 291.0, 643.5, 307.0, 575.0, 337.5]], "width": 1280, "height": 960}, {"id": 30, "image_id": 3, "category_id": 1, "iscrowd": 0, "area": 63927, "bbox": [361.0, 374.0, 738.0, 239.0], "segmentation": [[394.0, 612.5, 376.5, 612.0, 361.0, 518.5, 430.0, 515.5, 603.0, 483.5, 942.0, 406.5, 1005.0, 384.5, 1054.0, 373.5, 1098.5, 459.0, 872.0, 506.5, 448.0, 610.5, 394.0, 612.5]], "width": 1280, "height": 960}, {"id": 31, "image_id": 3, "category_id": 2, "iscrowd": 0, "area": 5972, "bbox": [545.0, 255.0, 108.0, 83.0], "segmentation": [[575.0, 337.5, 559.0, 333.5, 547.5, 323.0, 544.5, 315.0, 544.5, 295.0, 551.5, 284.0, 619.0, 254.5, 633.0, 255.5, 646.0, 262.5, 652.5, 275.0, 652.5, 282.0, 651.5, 291.0, 643.5, 307.0, 575.0, 337.5]], "width": 1280, "height": 960}, {"id": 32, "image_id": 3, "category_id": 1, "iscrowd": 0, "area": 63927, "bbox": [361.0, 374.0, 738.0, 239.0], "segmentation": [[394.0, 612.5, 376.5, 612.0, 361.0, 518.5, 430.0, 515.5, 603.0, 483.5, 942.0, 406.5, 1005.0, 384.5, 1054.0, 373.5, 1098.5, 459.0, 872.0, 506.5, 448.0, 610.5, 394.0, 612.5]], "width": 1280, "height": 960}, {"id": 33, "image_id": 3, "category_id": 2, "iscrowd": 0, "area": 5972, "bbox": [545.0, 255.0, 108.0, 83.0], "segmentation": [[575.0, 337.5, 559.0, 333.5, 547.5, 323.0, 544.5, 315.0, 544.5, 295.0, 551.5, 284.0, 619.0, 254.5, 633.0, 255.5, 646.0, 262.5, 652.5, 275.0, 652.5, 282.0, 651.5, 291.0, 643.5, 307.0, 575.0, 337.5]], "width": 1280, "height": 960}, {"id": 34, "image_id": 3, "category_id": 1, "iscrowd": 0, "area": 63927, "bbox": [361.0, 374.0, 738.0, 239.0], "segmentation": [[394.0, 612.5, 376.5, 612.0, 361.0, 518.5, 430.0, 515.5, 603.0, 483.5, 942.0, 406.5, 1005.0, 384.5, 1054.0, 373.5, 1098.5, 459.0, 872.0, 506.5, 448.0, 610.5, 394.0, 612.5]], "width": 1280, "height": 960}, {"id": 35, "image_id": 3, "category_id": 1, "iscrowd": 0, "area": 63927, "bbox": [361.0, 374.0, 738.0, 239.0], "segmentation": [[394.0, 612.5, 376.5, 612.0, 361.0, 518.5, 430.0, 515.5, 603.0, 483.5, 942.0, 406.5, 1005.0, 384.5, 1054.0, 373.5, 1098.5, 459.0, 872.0, 506.5, 448.0, 610.5, 394.0, 612.5]], "width": 1280, "height": 960}, {"id": 36, "image_id": 3, "category_id": 1, "iscrowd": 0, "area": 63927, "bbox": [361.0, 374.0, 738.0, 239.0], "segmentation": [[394.0, 612.5, 376.5, 612.0, 361.0, 518.5, 430.0, 515.5, 603.0, 483.5, 942.0, 406.5, 1005.0, 384.5, 1054.0, 373.5, 1098.5, 459.0, 872.0, 506.5, 448.0, 610.5, 394.0, 612.5]], "width": 1280, "height": 960}, {"id": 37, "image_id": 3, "category_id": 1, "iscrowd": 0, "area": 63927, "bbox": [361.0, 374.0, 738.0, 239.0], "segmentation": [[394.0, 612.5, 376.5, 612.0, 361.0, 518.5, 430.0, 515.5, 603.0, 483.5, 942.0, 406.5, 1005.0, 384.5, 1054.0, 373.5, 1098.5, 459.0, 872.0, 506.5, 448.0, 610.5, 394.0, 612.5]], "width": 1280, "height": 960}, {"id": 38, "image_id": 3, "category_id": 2, "iscrowd": 0, "area": 5972, "bbox": [545.0, 255.0, 108.0, 83.0], "segmentation": [[575.0, 337.5, 559.0, 333.5, 547.5, 323.0, 544.5, 315.0, 544.5, 295.0, 551.5, 284.0, 619.0, 254.5, 633.0, 255.5, 646.0, 262.5, 652.5, 275.0, 652.5, 282.0, 651.5, 291.0, 643.5, 307.0, 575.0, 337.5]], "width": 1280, "height": 960}, {"id": 39, "image_id": 3, "category_id": 1, "iscrowd": 0, "area": 63927, "bbox": [361.0, 374.0, 738.0, 239.0], "segmentation": [[394.0, 612.5, 376.5, 612.0, 361.0, 518.5, 430.0, 515.5, 603.0, 483.5, 942.0, 406.5, 1005.0, 384.5, 1054.0, 373.5, 1098.5, 459.0, 872.0, 506.5, 448.0, 610.5, 394.0, 612.5]], "width": 1280, "height": 960}, {"id": 40, "image_id": 3, "category_id": 2, "iscrowd": 0, "area": 5972, "bbox": [545.0, 255.0, 108.0, 83.0], "segmentation": [[575.0, 337.5, 559.0, 333.5, 547.5, 323.0, 544.5, 315.0, 544.5, 295.0, 551.5, 284.0, 619.0, 254.5, 633.0, 255.5, 646.0, 262.5, 652.5, 275.0, 652.5, 282.0, 651.5, 291.0, 643.5, 307.0, 575.0, 337.5]], "width": 1280, "height": 960}, {"id": 41, "image_id": 3, "category_id": 2, "iscrowd": 0, "area": 5972, "bbox": [545.0, 255.0, 108.0, 83.0], "segmentation": [[575.0, 337.5, 559.0, 333.5, 547.5, 323.0, 544.5, 315.0, 544.5, 295.0, 551.5, 284.0, 619.0, 254.5, 633.0, 255.5, 646.0, 262.5, 652.5, 275.0, 652.5, 282.0, 651.5, 291.0, 643.5, 307.0, 575.0, 337.5]], "width": 1280, "height": 960}, {"id": 42, "image_id": 3, "category_id": 1, "iscrowd": 0, "area": 63927, "bbox": [361.0, 374.0, 738.0, 239.0], "segmentation": [[394.0, 612.5, 376.5, 612.0, 361.0, 518.5, 430.0, 515.5, 603.0, 483.5, 942.0, 406.5, 1005.0, 384.5, 1054.0, 373.5, 1098.5, 459.0, 872.0, 506.5, 448.0, 610.5, 394.0, 612.5]], "width": 1280, "height": 960}, {"id": 43, "image_id": 4, "category_id": 2, "iscrowd": 0, "area": 8014, "bbox": [468.0, 430.0, 130.0, 86.0], "segmentation": [[552.0, 515.5, 483.5, 494.0, 468.5, 472.0, 467.5, 463.0, 470.5, 453.0, 486.0, 436.5, 496.0, 431.5, 512.0, 429.5, 582.5, 449.0, 597.5, 475.0, 596.5, 486.0, 589.5, 500.0, 576.0, 509.5, 552.0, 515.5]], "width": 1280, "height": 960}, {"id": 44, "image_id": 4, "category_id": 2, "iscrowd": 0, "area": 8014, "bbox": [468.0, 430.0, 130.0, 86.0], "segmentation": [[552.0, 515.5, 483.5, 494.0, 468.5, 472.0, 467.5, 463.0, 470.5, 453.0, 486.0, 436.5, 496.0, 431.5, 512.0, 429.5, 582.5, 449.0, 597.5, 475.0, 596.5, 486.0, 589.5, 500.0, 576.0, 509.5, 552.0, 515.5]], "width": 1280, "height": 960}, {"id": 45, "image_id": 4, "category_id": 1, "iscrowd": 0, "area": 117504, "bbox": [144.0, 472.0, 1090.0, 331.0], "segmentation": [[146.0, 802.5, 143.5, 801.0, 189.5, 700.0, 239.0, 681.5, 983.0, 537.5, 1078.0, 514.5, 1173.0, 471.5, 1233.5, 606.0, 1134.0, 642.5, 898.0, 654.5, 684.0, 707.5, 146.0, 802.5]], "width": 1280, "height": 960}, {"id": 46, "image_id": 4, "category_id": 2, "iscrowd": 0, "area": 8014, "bbox": [468.0, 430.0, 130.0, 86.0], "segmentation": [[552.0, 515.5, 483.5, 494.0, 468.5, 472.0, 467.5, 463.0, 470.5, 453.0, 486.0, 436.5, 496.0, 431.5, 512.0, 429.5, 582.5, 449.0, 597.5, 475.0, 596.5, 486.0, 589.5, 500.0, 576.0, 509.5, 552.0, 515.5]], "width": 1280, "height": 960}, {"id": 47, "image_id": 4, "category_id": 1, "iscrowd": 0, "area": 117504, "bbox": [144.0, 472.0, 1090.0, 331.0], "segmentation": [[146.0, 802.5, 143.5, 801.0, 189.5, 700.0, 239.0, 681.5, 983.0, 537.5, 1078.0, 514.5, 1173.0, 471.5, 1233.5, 606.0, 1134.0, 642.5, 898.0, 654.5, 684.0, 707.5, 146.0, 802.5]], "width": 1280, "height": 960}, {"id": 48, "image_id": 4, "category_id": 2, "iscrowd": 0, "area": 8014, "bbox": [468.0, 430.0, 130.0, 86.0], "segmentation": [[552.0, 515.5, 483.5, 494.0, 468.5, 472.0, 467.5, 463.0, 470.5, 453.0, 486.0, 436.5, 496.0, 431.5, 512.0, 429.5, 582.5, 449.0, 597.5, 475.0, 596.5, 486.0, 589.5, 500.0, 576.0, 509.5, 552.0, 515.5]], "width": 1280, "height": 960}, {"id": 49, "image_id": 4, "category_id": 1, "iscrowd": 0, "area": 117504, "bbox": [144.0, 472.0, 1090.0, 331.0], "segmentation": [[146.0, 802.5, 143.5, 801.0, 189.5, 700.0, 239.0, 681.5, 983.0, 537.5, 1078.0, 514.5, 1173.0, 471.5, 1233.5, 606.0, 1134.0, 642.5, 898.0, 654.5, 684.0, 707.5, 146.0, 802.5]], "width": 1280, "height": 960}, {"id": 50, "image_id": 4, "category_id": 2, "iscrowd": 0, "area": 8014, "bbox": [468.0, 430.0, 130.0, 86.0], "segmentation": [[552.0, 515.5, 483.5, 494.0, 468.5, 472.0, 467.5, 463.0, 470.5, 453.0, 486.0, 436.5, 496.0, 431.5, 512.0, 429.5, 582.5, 449.0, 597.5, 475.0, 596.5, 486.0, 589.5, 500.0, 576.0, 509.5, 552.0, 515.5]], "width": 1280, "height": 960}, {"id": 51, "image_id": 4, "category_id": 2, "iscrowd": 0, "area": 8014, "bbox": [468.0, 430.0, 130.0, 86.0], "segmentation": [[552.0, 515.5, 483.5, 494.0, 468.5, 472.0, 467.5, 463.0, 470.5, 453.0, 486.0, 436.5, 496.0, 431.5, 512.0, 429.5, 582.5, 449.0, 597.5, 475.0, 596.5, 486.0, 589.5, 500.0, 576.0, 509.5, 552.0, 515.5]], "width": 1280, "height": 960}, {"id": 52, "image_id": 4, "category_id": 2, "iscrowd": 0, "area": 8014, "bbox": [468.0, 430.0, 130.0, 86.0], "segmentation": [[552.0, 515.5, 483.5, 494.0, 468.5, 472.0, 467.5, 463.0, 470.5, 453.0, 486.0, 436.5, 496.0, 431.5, 512.0, 429.5, 582.5, 449.0, 597.5, 475.0, 596.5, 486.0, 589.5, 500.0, 576.0, 509.5, 552.0, 515.5]], "width": 1280, "height": 960}, {"id": 53, "image_id": 4, "category_id": 2, "iscrowd": 0, "area": 8014, "bbox": [468.0, 430.0, 130.0, 86.0], "segmentation": [[552.0, 515.5, 483.5, 494.0, 468.5, 472.0, 467.5, 463.0, 470.5, 453.0, 486.0, 436.5, 496.0, 431.5, 512.0, 429.5, 582.5, 449.0, 597.5, 475.0, 596.5, 486.0, 589.5, 500.0, 576.0, 509.5, 552.0, 515.5]], "width": 1280, "height": 960}, {"id": 54, "image_id": 4, "category_id": 1, "iscrowd": 0, "area": 117504, "bbox": [144.0, 472.0, 1090.0, 331.0], "segmentation": [[146.0, 802.5, 143.5, 801.0, 189.5, 700.0, 239.0, 681.5, 983.0, 537.5, 1078.0, 514.5, 1173.0, 471.5, 1233.5, 606.0, 1134.0, 642.5, 898.0, 654.5, 684.0, 707.5, 146.0, 802.5]], "width": 1280, "height": 960}, {"id": 55, "image_id": 4, "category_id": 2, "iscrowd": 0, "area": 8014, "bbox": [468.0, 430.0, 130.0, 86.0], "segmentation": [[552.0, 515.5, 483.5, 494.0, 468.5, 472.0, 467.5, 463.0, 470.5, 453.0, 486.0, 436.5, 496.0, 431.5, 512.0, 429.5, 582.5, 449.0, 597.5, 475.0, 596.5, 486.0, 589.5, 500.0, 576.0, 509.5, 552.0, 515.5]], "width": 1280, "height": 960}, {"id": 56, "image_id": 4, "category_id": 2, "iscrowd": 0, "area": 8014, "bbox": [468.0, 430.0, 130.0, 86.0], "segmentation": [[552.0, 515.5, 483.5, 494.0, 468.5, 472.0, 467.5, 463.0, 470.5, 453.0, 486.0, 436.5, 496.0, 431.5, 512.0, 429.5, 582.5, 449.0, 597.5, 475.0, 596.5, 486.0, 589.5, 500.0, 576.0, 509.5, 552.0, 515.5]], "width": 1280, "height": 960}, {"id": 57, "image_id": 4, "category_id": 1, "iscrowd": 0, "area": 117504, "bbox": [144.0, 472.0, 1090.0, 331.0], "segmentation": [[146.0, 802.5, 143.5, 801.0, 189.5, 700.0, 239.0, 681.5, 983.0, 537.5, 1078.0, 514.5, 1173.0, 471.5, 1233.5, 606.0, 1134.0, 642.5, 898.0, 654.5, 684.0, 707.5, 146.0, 802.5]], "width": 1280, "height": 960}, {"id": 58, "image_id": 4, "category_id": 1, "iscrowd": 0, "area": 117504, "bbox": [144.0, 472.0, 1090.0, 331.0], "segmentation": [[146.0, 802.5, 143.5, 801.0, 189.5, 700.0, 239.0, 681.5, 983.0, 537.5, 1078.0, 514.5, 1173.0, 471.5, 1233.5, 606.0, 1134.0, 642.5, 898.0, 654.5, 684.0, 707.5, 146.0, 802.5]], "width": 1280, "height": 960}, {"id": 59, "image_id": 4, "category_id": 1, "iscrowd": 0, "area": 117504, "bbox": [144.0, 472.0, 1090.0, 331.0], "segmentation": [[146.0, 802.5, 143.5, 801.0, 189.5, 700.0, 239.0, 681.5, 983.0, 537.5, 1078.0, 514.5, 1173.0, 471.5, 1233.5, 606.0, 1134.0, 642.5, 898.0, 654.5, 684.0, 707.5, 146.0, 802.5]], "width": 1280, "height": 960}, {"id": 60, "image_id": 4, "category_id": 1, "iscrowd": 0, "area": 117504, "bbox": [144.0, 472.0, 1090.0, 331.0], "segmentation": [[146.0, 802.5, 143.5, 801.0, 189.5, 700.0, 239.0, 681.5, 983.0, 537.5, 1078.0, 514.5, 1173.0, 471.5, 1233.5, 606.0, 1134.0, 642.5, 898.0, 654.5, 684.0, 707.5, 146.0, 802.5]], "width": 1280, "height": 960}, {"id": 61, "image_id": 4, "category_id": 1, "iscrowd": 0, "area": 117504, "bbox": [144.0, 472.0, 1090.0, 331.0], "segmentation": [[146.0, 802.5, 143.5, 801.0, 189.5, 700.0, 239.0, 681.5, 983.0, 537.5, 1078.0, 514.5, 1173.0, 471.5, 1233.5, 606.0, 1134.0, 642.5, 898.0, 654.5, 684.0, 707.5, 146.0, 802.5]], "width": 1280, "height": 960}, {"id": 62, "image_id": 4, "category_id": 1, "iscrowd": 0, "area": 117504, "bbox": [144.0, 472.0, 1090.0, 331.0], "segmentation": [[146.0, 802.5, 143.5, 801.0, 189.5, 700.0, 239.0, 681.5, 983.0, 537.5, 1078.0, 514.5, 1173.0, 471.5, 1233.5, 606.0, 1134.0, 642.5, 898.0, 654.5, 684.0, 707.5, 146.0, 802.5]], "width": 1280, "height": 960}, {"id": 63, "image_id": 5, "category_id": 1, "iscrowd": 0, "area": 65280, "bbox": [606.0, 134.0, 450.0, 624.0], "segmentation": [[694.0, 757.5, 605.5, 703.0, 646.5, 655.0, 794.5, 433.0, 972.0, 133.5, 1055.5, 179.0, 1030.5, 224.0, 736.5, 703.0, 694.0, 757.5]], "width": 1280, "height": 960}, {"id": 64, "image_id": 5, "category_id": 1, "iscrowd": 0, "area": 65280, "bbox": [606.0, 134.0, 450.0, 624.0], "segmentation": [[694.0, 757.5, 605.5, 703.0, 646.5, 655.0, 794.5, 433.0, 972.0, 133.5, 1055.5, 179.0, 1030.5, 224.0, 736.5, 703.0, 694.0, 757.5]], "width": 1280, "height": 960}, {"id": 65, "image_id": 5, "category_id": 2, "iscrowd": 0, "area": 5601, "bbox": [566.0, 329.0, 73.0, 112.0], "segmentation": [[597.0, 440.5, 583.0, 437.5, 573.5, 429.0, 565.5, 415.0, 565.5, 400.0, 587.5, 341.0, 597.0, 332.5, 611.0, 328.5, 631.5, 339.0, 638.5, 356.0, 618.5, 425.0, 612.0, 434.5, 597.0, 440.5]], "width": 1280, "height": 960}, {"id": 66, "image_id": 5, "category_id": 2, "iscrowd": 0, "area": 5601, "bbox": [566.0, 329.0, 73.0, 112.0], "segmentation": [[597.0, 440.5, 583.0, 437.5, 573.5, 429.0, 565.5, 415.0, 565.5, 400.0, 587.5, 341.0, 597.0, 332.5, 611.0, 328.5, 631.5, 339.0, 638.5, 356.0, 618.5, 425.0, 612.0, 434.5, 597.0, 440.5]], "width": 1280, "height": 960}, {"id": 67, "image_id": 5, "category_id": 2, "iscrowd": 0, "area": 5601, "bbox": [566.0, 329.0, 73.0, 112.0], "segmentation": [[597.0, 440.5, 583.0, 437.5, 573.5, 429.0, 565.5, 415.0, 565.5, 400.0, 587.5, 341.0, 597.0, 332.5, 611.0, 328.5, 631.5, 339.0, 638.5, 356.0, 618.5, 425.0, 612.0, 434.5, 597.0, 440.5]], "width": 1280, "height": 960}, {"id": 68, "image_id": 5, "category_id": 1, "iscrowd": 0, "area": 65280, "bbox": [606.0, 134.0, 450.0, 624.0], "segmentation": [[694.0, 757.5, 605.5, 703.0, 646.5, 655.0, 794.5, 433.0, 972.0, 133.5, 1055.5, 179.0, 1030.5, 224.0, 736.5, 703.0, 694.0, 757.5]], "width": 1280, "height": 960}, {"id": 69, "image_id": 5, "category_id": 2, "iscrowd": 0, "area": 5601, "bbox": [566.0, 329.0, 73.0, 112.0], "segmentation": [[597.0, 440.5, 583.0, 437.5, 573.5, 429.0, 565.5, 415.0, 565.5, 400.0, 587.5, 341.0, 597.0, 332.5, 611.0, 328.5, 631.5, 339.0, 638.5, 356.0, 618.5, 425.0, 612.0, 434.5, 597.0, 440.5]], "width": 1280, "height": 960}, {"id": 70, "image_id": 5, "category_id": 2, "iscrowd": 0, "area": 5601, "bbox": [566.0, 329.0, 73.0, 112.0], "segmentation": [[597.0, 440.5, 583.0, 437.5, 573.5, 429.0, 565.5, 415.0, 565.5, 400.0, 587.5, 341.0, 597.0, 332.5, 611.0, 328.5, 631.5, 339.0, 638.5, 356.0, 618.5, 425.0, 612.0, 434.5, 597.0, 440.5]], "width": 1280, "height": 960}, {"id": 71, "image_id": 5, "category_id": 1, "iscrowd": 0, "area": 65280, "bbox": [606.0, 134.0, 450.0, 624.0], "segmentation": [[694.0, 757.5, 605.5, 703.0, 646.5, 655.0, 794.5, 433.0, 972.0, 133.5, 1055.5, 179.0, 1030.5, 224.0, 736.5, 703.0, 694.0, 757.5]], "width": 1280, "height": 960}, {"id": 72, "image_id": 5, "category_id": 2, "iscrowd": 0, "area": 5601, "bbox": [566.0, 329.0, 73.0, 112.0], "segmentation": [[597.0, 440.5, 583.0, 437.5, 573.5, 429.0, 565.5, 415.0, 565.5, 400.0, 587.5, 341.0, 597.0, 332.5, 611.0, 328.5, 631.5, 339.0, 638.5, 356.0, 618.5, 425.0, 612.0, 434.5, 597.0, 440.5]], "width": 1280, "height": 960}, {"id": 73, "image_id": 5, "category_id": 1, "iscrowd": 0, "area": 65280, "bbox": [606.0, 134.0, 450.0, 624.0], "segmentation": [[694.0, 757.5, 605.5, 703.0, 646.5, 655.0, 794.5, 433.0, 972.0, 133.5, 1055.5, 179.0, 1030.5, 224.0, 736.5, 703.0, 694.0, 757.5]], "width": 1280, "height": 960}, {"id": 74, "image_id": 5, "category_id": 2, "iscrowd": 0, "area": 5601, "bbox": [566.0, 329.0, 73.0, 112.0], "segmentation": [[597.0, 440.5, 583.0, 437.5, 573.5, 429.0, 565.5, 415.0, 565.5, 400.0, 587.5, 341.0, 597.0, 332.5, 611.0, 328.5, 631.5, 339.0, 638.5, 356.0, 618.5, 425.0, 612.0, 434.5, 597.0, 440.5]], "width": 1280, "height": 960}, {"id": 75, "image_id": 5, "category_id": 2, "iscrowd": 0, "area": 5601, "bbox": [566.0, 329.0, 73.0, 112.0], "segmentation": [[597.0, 440.5, 583.0, 437.5, 573.5, 429.0, 565.5, 415.0, 565.5, 400.0, 587.5, 341.0, 597.0, 332.5, 611.0, 328.5, 631.5, 339.0, 638.5, 356.0, 618.5, 425.0, 612.0, 434.5, 597.0, 440.5]], "width": 1280, "height": 960}, {"id": 76, "image_id": 5, "category_id": 1, "iscrowd": 0, "area": 65280, "bbox": [606.0, 134.0, 450.0, 624.0], "segmentation": [[694.0, 757.5, 605.5, 703.0, 646.5, 655.0, 794.5, 433.0, 972.0, 133.5, 1055.5, 179.0, 1030.5, 224.0, 736.5, 703.0, 694.0, 757.5]], "width": 1280, "height": 960}, {"id": 77, "image_id": 5, "category_id": 1, "iscrowd": 0, "area": 65280, "bbox": [606.0, 134.0, 450.0, 624.0], "segmentation": [[694.0, 757.5, 605.5, 703.0, 646.5, 655.0, 794.5, 433.0, 972.0, 133.5, 1055.5, 179.0, 1030.5, 224.0, 736.5, 703.0, 694.0, 757.5]], "width": 1280, "height": 960}, {"id": 78, "image_id": 5, "category_id": 2, "iscrowd": 0, "area": 5601, "bbox": [566.0, 329.0, 73.0, 112.0], "segmentation": [[597.0, 440.5, 583.0, 437.5, 573.5, 429.0, 565.5, 415.0, 565.5, 400.0, 587.5, 341.0, 597.0, 332.5, 611.0, 328.5, 631.5, 339.0, 638.5, 356.0, 618.5, 425.0, 612.0, 434.5, 597.0, 440.5]], "width": 1280, "height": 960}, {"id": 79, "image_id": 5, "category_id": 1, "iscrowd": 0, "area": 65280, "bbox": [606.0, 134.0, 450.0, 624.0], "segmentation": [[694.0, 757.5, 605.5, 703.0, 646.5, 655.0, 794.5, 433.0, 972.0, 133.5, 1055.5, 179.0, 1030.5, 224.0, 736.5, 703.0, 694.0, 757.5]], "width": 1280, "height": 960}, {"id": 80, "image_id": 5, "category_id": 1, "iscrowd": 0, "area": 65280, "bbox": [606.0, 134.0, 450.0, 624.0], "segmentation": [[694.0, 757.5, 605.5, 703.0, 646.5, 655.0, 794.5, 433.0, 972.0, 133.5, 1055.5, 179.0, 1030.5, 224.0, 736.5, 703.0, 694.0, 757.5]], "width": 1280, "height": 960}, {"id": 81, "image_id": 5, "category_id": 1, "iscrowd": 0, "area": 65280, "bbox": [606.0, 134.0, 450.0, 624.0], "segmentation": [[694.0, 757.5, 605.5, 703.0, 646.5, 655.0, 794.5, 433.0, 972.0, 133.5, 1055.5, 179.0, 1030.5, 224.0, 736.5, 703.0, 694.0, 757.5]], "width": 1280, "height": 960}, {"id": 82, "image_id": 5, "category_id": 2, "iscrowd": 0, "area": 5601, "bbox": [566.0, 329.0, 73.0, 112.0], "segmentation": [[597.0, 440.5, 583.0, 437.5, 573.5, 429.0, 565.5, 415.0, 565.5, 400.0, 587.5, 341.0, 597.0, 332.5, 611.0, 328.5, 631.5, 339.0, 638.5, 356.0, 618.5, 425.0, 612.0, 434.5, 597.0, 440.5]], "width": 1280, "height": 960}, {"id": 83, "image_id": 6, "category_id": 1, "iscrowd": 0, "area": 161547, "bbox": [296.0, 59.0, 317.0, 1137.0], "segmentation": [[463.0, 1195.5, 449.5, 1195.0, 431.5, 899.0, 323.5, 241.0, 307.5, 175.0, 295.5, 89.0, 299.0, 84.5, 438.0, 58.5, 441.5, 63.0, 452.5, 132.0, 461.5, 233.0, 577.5, 960.0, 605.5, 1077.0, 612.5, 1182.0, 612.0, 1189.5, 463.0, 1195.5]], "width": 960, "height": 1280}, {"id": 84, "image_id": 6, "category_id": 2, "iscrowd": 0, "area": 14602, "bbox": [572.0, 255.0, 100.0, 186.0], "segmentation": [[614.0, 440.5, 593.0, 436.5, 585.0, 430.5, 578.5, 423.0, 571.5, 399.0, 579.5, 300.0, 587.5, 277.0, 598.0, 263.5, 614.0, 256.5, 632.0, 254.5, 645.0, 260.5, 658.5, 272.0, 667.5, 285.0, 671.5, 301.0, 657.5, 404.0, 649.5, 420.0, 636.0, 433.5, 624.0, 439.5, 614.0, 440.5]], "width": 960, "height": 1280}, {"id": 85, "image_id": 6, "category_id": 1, "iscrowd": 0, "area": 161547, "bbox": [296.0, 59.0, 317.0, 1137.0], "segmentation": [[463.0, 1195.5, 449.5, 1195.0, 431.5, 899.0, 323.5, 241.0, 307.5, 175.0, 295.5, 89.0, 299.0, 84.5, 438.0, 58.5, 441.5, 63.0, 452.5, 132.0, 461.5, 233.0, 577.5, 960.0, 605.5, 1077.0, 612.5, 1182.0, 612.0, 1189.5, 463.0, 1195.5]], "width": 960, "height": 1280}, {"id": 86, "image_id": 6, "category_id": 2, "iscrowd": 0, "area": 14602, "bbox": [572.0, 255.0, 100.0, 186.0], "segmentation": [[614.0, 440.5, 593.0, 436.5, 585.0, 430.5, 578.5, 423.0, 571.5, 399.0, 579.5, 300.0, 587.5, 277.0, 598.0, 263.5, 614.0, 256.5, 632.0, 254.5, 645.0, 260.5, 658.5, 272.0, 667.5, 285.0, 671.5, 301.0, 657.5, 404.0, 649.5, 420.0, 636.0, 433.5, 624.0, 439.5, 614.0, 440.5]], "width": 960, "height": 1280}, {"id": 87, "image_id": 6, "category_id": 1, "iscrowd": 0, "area": 161547, "bbox": [296.0, 59.0, 317.0, 1137.0], "segmentation": [[463.0, 1195.5, 449.5, 1195.0, 431.5, 899.0, 323.5, 241.0, 307.5, 175.0, 295.5, 89.0, 299.0, 84.5, 438.0, 58.5, 441.5, 63.0, 452.5, 132.0, 461.5, 233.0, 577.5, 960.0, 605.5, 1077.0, 612.5, 1182.0, 612.0, 1189.5, 463.0, 1195.5]], "width": 960, "height": 1280}, {"id": 88, "image_id": 6, "category_id": 1, "iscrowd": 0, "area": 161547, "bbox": [296.0, 59.0, 317.0, 1137.0], "segmentation": [[463.0, 1195.5, 449.5, 1195.0, 431.5, 899.0, 323.5, 241.0, 307.5, 175.0, 295.5, 89.0, 299.0, 84.5, 438.0, 58.5, 441.5, 63.0, 452.5, 132.0, 461.5, 233.0, 577.5, 960.0, 605.5, 1077.0, 612.5, 1182.0, 612.0, 1189.5, 463.0, 1195.5]], "width": 960, "height": 1280}, {"id": 89, "image_id": 6, "category_id": 2, "iscrowd": 0, "area": 14602, "bbox": [572.0, 255.0, 100.0, 186.0], "segmentation": [[614.0, 440.5, 593.0, 436.5, 585.0, 430.5, 578.5, 423.0, 571.5, 399.0, 579.5, 300.0, 587.5, 277.0, 598.0, 263.5, 614.0, 256.5, 632.0, 254.5, 645.0, 260.5, 658.5, 272.0, 667.5, 285.0, 671.5, 301.0, 657.5, 404.0, 649.5, 420.0, 636.0, 433.5, 624.0, 439.5, 614.0, 440.5]], "width": 960, "height": 1280}, {"id": 90, "image_id": 6, "category_id": 2, "iscrowd": 0, "area": 14602, "bbox": [572.0, 255.0, 100.0, 186.0], "segmentation": [[614.0, 440.5, 593.0, 436.5, 585.0, 430.5, 578.5, 423.0, 571.5, 399.0, 579.5, 300.0, 587.5, 277.0, 598.0, 263.5, 614.0, 256.5, 632.0, 254.5, 645.0, 260.5, 658.5, 272.0, 667.5, 285.0, 671.5, 301.0, 657.5, 404.0, 649.5, 420.0, 636.0, 433.5, 624.0, 439.5, 614.0, 440.5]], "width": 960, "height": 1280}, {"id": 91, "image_id": 6, "category_id": 2, "iscrowd": 0, "area": 14602, "bbox": [572.0, 255.0, 100.0, 186.0], "segmentation": [[614.0, 440.5, 593.0, 436.5, 585.0, 430.5, 578.5, 423.0, 571.5, 399.0, 579.5, 300.0, 587.5, 277.0, 598.0, 263.5, 614.0, 256.5, 632.0, 254.5, 645.0, 260.5, 658.5, 272.0, 667.5, 285.0, 671.5, 301.0, 657.5, 404.0, 649.5, 420.0, 636.0, 433.5, 624.0, 439.5, 614.0, 440.5]], "width": 960, "height": 1280}, {"id": 92, "image_id": 6, "category_id": 2, "iscrowd": 0, "area": 14602, "bbox": [572.0, 255.0, 100.0, 186.0], "segmentation": [[614.0, 440.5, 593.0, 436.5, 585.0, 430.5, 578.5, 423.0, 571.5, 399.0, 579.5, 300.0, 587.5, 277.0, 598.0, 263.5, 614.0, 256.5, 632.0, 254.5, 645.0, 260.5, 658.5, 272.0, 667.5, 285.0, 671.5, 301.0, 657.5, 404.0, 649.5, 420.0, 636.0, 433.5, 624.0, 439.5, 614.0, 440.5]], "width": 960, "height": 1280}, {"id": 93, "image_id": 6, "category_id": 1, "iscrowd": 0, "area": 161547, "bbox": [296.0, 59.0, 317.0, 1137.0], "segmentation": [[463.0, 1195.5, 449.5, 1195.0, 431.5, 899.0, 323.5, 241.0, 307.5, 175.0, 295.5, 89.0, 299.0, 84.5, 438.0, 58.5, 441.5, 63.0, 452.5, 132.0, 461.5, 233.0, 577.5, 960.0, 605.5, 1077.0, 612.5, 1182.0, 612.0, 1189.5, 463.0, 1195.5]], "width": 960, "height": 1280}, {"id": 94, "image_id": 6, "category_id": 1, "iscrowd": 0, "area": 161547, "bbox": [296.0, 59.0, 317.0, 1137.0], "segmentation": [[463.0, 1195.5, 449.5, 1195.0, 431.5, 899.0, 323.5, 241.0, 307.5, 175.0, 295.5, 89.0, 299.0, 84.5, 438.0, 58.5, 441.5, 63.0, 452.5, 132.0, 461.5, 233.0, 577.5, 960.0, 605.5, 1077.0, 612.5, 1182.0, 612.0, 1189.5, 463.0, 1195.5]], "width": 960, "height": 1280}, {"id": 95, "image_id": 6, "category_id": 2, "iscrowd": 0, "area": 14602, "bbox": [572.0, 255.0, 100.0, 186.0], "segmentation": [[614.0, 440.5, 593.0, 436.5, 585.0, 430.5, 578.5, 423.0, 571.5, 399.0, 579.5, 300.0, 587.5, 277.0, 598.0, 263.5, 614.0, 256.5, 632.0, 254.5, 645.0, 260.5, 658.5, 272.0, 667.5, 285.0, 671.5, 301.0, 657.5, 404.0, 649.5, 420.0, 636.0, 433.5, 624.0, 439.5, 614.0, 440.5]], "width": 960, "height": 1280}, {"id": 96, "image_id": 6, "category_id": 1, "iscrowd": 0, "area": 161547, "bbox": [296.0, 59.0, 317.0, 1137.0], "segmentation": [[463.0, 1195.5, 449.5, 1195.0, 431.5, 899.0, 323.5, 241.0, 307.5, 175.0, 295.5, 89.0, 299.0, 84.5, 438.0, 58.5, 441.5, 63.0, 452.5, 132.0, 461.5, 233.0, 577.5, 960.0, 605.5, 1077.0, 612.5, 1182.0, 612.0, 1189.5, 463.0, 1195.5]], "width": 960, "height": 1280}, {"id": 97, "image_id": 6, "category_id": 1, "iscrowd": 0, "area": 161547, "bbox": [296.0, 59.0, 317.0, 1137.0], "segmentation": [[463.0, 1195.5, 449.5, 1195.0, 431.5, 899.0, 323.5, 241.0, 307.5, 175.0, 295.5, 89.0, 299.0, 84.5, 438.0, 58.5, 441.5, 63.0, 452.5, 132.0, 461.5, 233.0, 577.5, 960.0, 605.5, 1077.0, 612.5, 1182.0, 612.0, 1189.5, 463.0, 1195.5]], "width": 960, "height": 1280}, {"id": 98, "image_id": 6, "category_id": 1, "iscrowd": 0, "area": 161547, "bbox": [296.0, 59.0, 317.0, 1137.0], "segmentation": [[463.0, 1195.5, 449.5, 1195.0, 431.5, 899.0, 323.5, 241.0, 307.5, 175.0, 295.5, 89.0, 299.0, 84.5, 438.0, 58.5, 441.5, 63.0, 452.5, 132.0, 461.5, 233.0, 577.5, 960.0, 605.5, 1077.0, 612.5, 1182.0, 612.0, 1189.5, 463.0, 1195.5]], "width": 960, "height": 1280}, {"id": 99, "image_id": 6, "category_id": 1, "iscrowd": 0, "area": 161547, "bbox": [296.0, 59.0, 317.0, 1137.0], "segmentation": [[463.0, 1195.5, 449.5, 1195.0, 431.5, 899.0, 323.5, 241.0, 307.5, 175.0, 295.5, 89.0, 299.0, 84.5, 438.0, 58.5, 441.5, 63.0, 452.5, 132.0, 461.5, 233.0, 577.5, 960.0, 605.5, 1077.0, 612.5, 1182.0, 612.0, 1189.5, 463.0, 1195.5]], "width": 960, "height": 1280}, {"id": 100, "image_id": 6, "category_id": 2, "iscrowd": 0, "area": 14602, "bbox": [572.0, 255.0, 100.0, 186.0], "segmentation": [[614.0, 440.5, 593.0, 436.5, 585.0, 430.5, 578.5, 423.0, 571.5, 399.0, 579.5, 300.0, 587.5, 277.0, 598.0, 263.5, 614.0, 256.5, 632.0, 254.5, 645.0, 260.5, 658.5, 272.0, 667.5, 285.0, 671.5, 301.0, 657.5, 404.0, 649.5, 420.0, 636.0, 433.5, 624.0, 439.5, 614.0, 440.5]], "width": 960, "height": 1280}, {"id": 101, "image_id": 6, "category_id": 1, "iscrowd": 0, "area": 161547, "bbox": [296.0, 59.0, 317.0, 1137.0], "segmentation": [[463.0, 1195.5, 449.5, 1195.0, 431.5, 899.0, 323.5, 241.0, 307.5, 175.0, 295.5, 89.0, 299.0, 84.5, 438.0, 58.5, 441.5, 63.0, 452.5, 132.0, 461.5, 233.0, 577.5, 960.0, 605.5, 1077.0, 612.5, 1182.0, 612.0, 1189.5, 463.0, 1195.5]], "width": 960, "height": 1280}, {"id": 102, "image_id": 6, "category_id": 2, "iscrowd": 0, "area": 14602, "bbox": [572.0, 255.0, 100.0, 186.0], "segmentation": [[614.0, 440.5, 593.0, 436.5, 585.0, 430.5, 578.5, 423.0, 571.5, 399.0, 579.5, 300.0, 587.5, 277.0, 598.0, 263.5, 614.0, 256.5, 632.0, 254.5, 645.0, 260.5, 658.5, 272.0, 667.5, 285.0, 671.5, 301.0, 657.5, 404.0, 649.5, 420.0, 636.0, 433.5, 624.0, 439.5, 614.0, 440.5]], "width": 960, "height": 1280}, {"id": 103, "image_id": 6, "category_id": 2, "iscrowd": 0, "area": 14602, "bbox": [572.0, 255.0, 100.0, 186.0], "segmentation": [[614.0, 440.5, 593.0, 436.5, 585.0, 430.5, 578.5, 423.0, 571.5, 399.0, 579.5, 300.0, 587.5, 277.0, 598.0, 263.5, 614.0, 256.5, 632.0, 254.5, 645.0, 260.5, 658.5, 272.0, 667.5, 285.0, 671.5, 301.0, 657.5, 404.0, 649.5, 420.0, 636.0, 433.5, 624.0, 439.5, 614.0, 440.5]], "width": 960, "height": 1280}, {"id": 104, "image_id": 7, "category_id": 1, "iscrowd": 0, "area": 118820, "bbox": [382.0, 227.0, 227.0, 982.0], "segmentation": [[519.0, 1208.5, 381.5, 1186.0, 396.5, 1091.0, 433.5, 899.0, 482.0, 226.5, 608.5, 246.0, 531.5, 1059.0, 530.5, 1120.0, 519.0, 1208.5]], "width": 960, "height": 1280}, {"id": 105, "image_id": 7, "category_id": 1, "iscrowd": 0, "area": 118820, "bbox": [382.0, 227.0, 227.0, 982.0], "segmentation": [[519.0, 1208.5, 381.5, 1186.0, 396.5, 1091.0, 433.5, 899.0, 482.0, 226.5, 608.5, 246.0, 531.5, 1059.0, 530.5, 1120.0, 519.0, 1208.5]], "width": 960, "height": 1280}, {"id": 106, "image_id": 7, "category_id": 1, "iscrowd": 0, "area": 118820, "bbox": [382.0, 227.0, 227.0, 982.0], "segmentation": [[519.0, 1208.5, 381.5, 1186.0, 396.5, 1091.0, 433.5, 899.0, 482.0, 226.5, 608.5, 246.0, 531.5, 1059.0, 530.5, 1120.0, 519.0, 1208.5]], "width": 960, "height": 1280}, {"id": 107, "image_id": 7, "category_id": 1, "iscrowd": 0, "area": 118820, "bbox": [382.0, 227.0, 227.0, 982.0], "segmentation": [[519.0, 1208.5, 381.5, 1186.0, 396.5, 1091.0, 433.5, 899.0, 482.0, 226.5, 608.5, 246.0, 531.5, 1059.0, 530.5, 1120.0, 519.0, 1208.5]], "width": 960, "height": 1280}, {"id": 108, "image_id": 7, "category_id": 1, "iscrowd": 0, "area": 118820, "bbox": [382.0, 227.0, 227.0, 982.0], "segmentation": [[519.0, 1208.5, 381.5, 1186.0, 396.5, 1091.0, 433.5, 899.0, 482.0, 226.5, 608.5, 246.0, 531.5, 1059.0, 530.5, 1120.0, 519.0, 1208.5]], "width": 960, "height": 1280}, {"id": 109, "image_id": 7, "category_id": 1, "iscrowd": 0, "area": 118820, "bbox": [382.0, 227.0, 227.0, 982.0], "segmentation": [[519.0, 1208.5, 381.5, 1186.0, 396.5, 1091.0, 433.5, 899.0, 482.0, 226.5, 608.5, 246.0, 531.5, 1059.0, 530.5, 1120.0, 519.0, 1208.5]], "width": 960, "height": 1280}, {"id": 110, "image_id": 7, "category_id": 1, "iscrowd": 0, "area": 118820, "bbox": [382.0, 227.0, 227.0, 982.0], "segmentation": [[519.0, 1208.5, 381.5, 1186.0, 396.5, 1091.0, 433.5, 899.0, 482.0, 226.5, 608.5, 246.0, 531.5, 1059.0, 530.5, 1120.0, 519.0, 1208.5]], "width": 960, "height": 1280}, {"id": 111, "image_id": 7, "category_id": 1, "iscrowd": 0, "area": 118820, "bbox": [382.0, 227.0, 227.0, 982.0], "segmentation": [[519.0, 1208.5, 381.5, 1186.0, 396.5, 1091.0, 433.5, 899.0, 482.0, 226.5, 608.5, 246.0, 531.5, 1059.0, 530.5, 1120.0, 519.0, 1208.5]], "width": 960, "height": 1280}, {"id": 112, "image_id": 7, "category_id": 1, "iscrowd": 0, "area": 118820, "bbox": [382.0, 227.0, 227.0, 982.0], "segmentation": [[519.0, 1208.5, 381.5, 1186.0, 396.5, 1091.0, 433.5, 899.0, 482.0, 226.5, 608.5, 246.0, 531.5, 1059.0, 530.5, 1120.0, 519.0, 1208.5]], "width": 960, "height": 1280}, {"id": 113, "image_id": 7, "category_id": 1, "iscrowd": 0, "area": 118820, "bbox": [382.0, 227.0, 227.0, 982.0], "segmentation": [[519.0, 1208.5, 381.5, 1186.0, 396.5, 1091.0, 433.5, 899.0, 482.0, 226.5, 608.5, 246.0, 531.5, 1059.0, 530.5, 1120.0, 519.0, 1208.5]], "width": 960, "height": 1280}]}